,ccode,country,year,Total ,age 15-17,age 18-19,<20,>20,age 20-34,age 35-49
0,AFG,Afghanistan,2010.0,47.872012015511054,48.29223130905616,45.121148702034,45.634002570006224,46.6358233339202,46.7023564281123,46.32397113373447
1,ALB,Albania,2000.0,95.26988668613944,100.0,100.0,100.0,94.96748267040262,95.3992576674468,91.42794737833292
2,ALB,Albania,2005.0,97.12456834358983,100.0,100.0,100.0,96.8282060558066,97.10799061699127,94.33177963650193
3,ALB,Albania,2008.0,98.42084048642693,92.57789419158637,100.0,97.77837787470841,98.4655743050292,98.46770581371696,98.43890550973417
4,ARG,Argentina,2012.0,98.07010203145938,99.29819645404524,98.59780813691637,98.9059951688926,97.9368539546685,97.99294885977659,97.70739627343882
5,ARM,Armenia,2000.0,92.1011947857188,96.10926401410045,87.97260578867194,89.35044825172116,92.59196429350418,93.20589511050704,83.87976042291396
6,ARM,Armenia,2005.0,93.83966530400065,86.76927081369367,92.94267769821822,92.42990057653068,93.99869484314736,94.23084335696892,89.85277978986525
7,ARM,Armenia,2010.0,99.03538744286047,100.0,100.0,100.0,98.9441428130749,98.86824696426363,100.0
8,AZE,Azerbaijan,2000.0,68.67167919799499,78.57142857142857,72.22222222222221,74.0,68.12865497076024,69.08517350157729,56.00000000000001
9,AZE,Azerbaijan,2006.0,79.99605050589768,68.89808728913151,80.0016136672264,77.05932725464973,80.26402207694558,81.19671861405469,69.27830642856203
10,BGD,Bangladesh,2004.0,43.13535935135796,42.6119320463127,42.753976238002785,42.67718775428724,43.36075471583639,43.90924575668566,36.87652502497005
11,BGD,Bangladesh,2006.0,47.664123303221984,43.19811836521292,51.27850728461634,47.31729170652997,47.79267140785421,48.90173233966858,35.224970590334024
12,BGD,Bangladesh,2007.0,53.69133398537258,53.56618552007071,56.14285301692858,54.818789285228355,53.146503366742394,54.429514275370195,35.62992708869209
13,BGD,Bangladesh,2011.0,55.1486400953731,55.648182860388914,59.86286921955733,57.82793579469323,53.98971788279419,54.73067507716559,40.107118763206714
14,BGD,Bangladesh,2013.0,58.66583563716613,61.234322204906825,61.81927342553202,61.636676217464505,57.94367813426503,59.447697595120715,43.044779461300934
15,BGD,Bangladesh,2014.0,64.84864081078905,63.70786227377607,65.95379688975046,64.83976823853239,64.85277184104426,65.009906778206,61.947065204057175
16,BRB,Barbados,2012.0,93.42756517469545,0.0,100.0,100.0,93.56131203470609,91.05696736484623,100.0
17,BLR,Belarus,2005.0,99.4319597772494,100.0,98.95173109025248,99.12546933280066,99.4620472668989,99.41034622690849,100.0
18,BLR,Belarus,2012.0,99.64600736828075,80.78408291981162,100.0,95.12899798513878,99.89445292304805,99.88476024250974,100.0
19,BLZ,Belize,2006.0,93.99380294767124,100.0,90.76108447198551,94.03285567482305,94.32453641318078,95.30495707937384,88.3850517808936
20,BLZ,Belize,2011.0,96.22116900189131,97.60145281933133,96.05111090973148,96.6648159224943,96.12931587694348,96.97239876613195,90.8208172574135
21,BEN,Benin,2001.0,87.49231432130834,84.60393318429269,86.91461148629172,86.1120408394757,87.69999172199239,88.41213805250591,83.90367676779485
22,BEN,Benin,2006.0,87.89448830467637,84.06687486017618,85.7224486361075,85.16784118450558,88.24493931848278,88.86376093772932,84.5680127890964
23,BEN,Benin,2011.0,86.4762009849981,82.18055546419725,85.16040726002278,84.09855562207103,86.7541141463596,87.16765754703066,84.4692486835083
24,BTN,Bhutan,2010.0,97.29870154600779,89.49579190845444,92.0530297182888,91.85434204990828,97.53221250824996,98.13383098101089,94.39915173160396
25,BOL,Bolivia (Plurinational State of),2000.0,82.62020472724198,88.45896585366228,92.2487625438834,90.91126774073757,81.06359921793073,84.49312623446352,65.60266254559885
26,BOL,Bolivia (Plurinational State of),2003.0,78.62621503834171,79.65258186429263,83.72666937542901,81.91761176549439,78.01506894228527,80.72550730684593,67.35421481346593
27,BOL,Bolivia (Plurinational State of),2008.0,90.94167907617509,85.78765837667692,90.95897860468912,88.46004442048203,91.42610008107161,92.54384205394793,86.60615140165936
28,BIH,Bosnia and Herzegovina,2000.0,99.17525773195877,100.0,100.0,100.0,99.09909909909909,99.01234567901234,100.0
29,BIH,Bosnia and Herzegovina,2006.0,98.89753597308896,93.33333333333333,100.0,99.07957933249494,98.88208494200448,98.77986782384566,100.0
30,BIH,Bosnia and Herzegovina,2011.0,86.96171974734087,33.24472510920738,62.80782175564149,60.190029975106654,87.77878648415269,87.06621157987152,94.32406429640817
31,BFA,Burkina Faso,2003.0,73.47725024239499,73.84396872634413,74.31571360061561,74.16755534086744,73.35932690732014,73.64767816774408,72.29680336593745
32,BFA,Burkina Faso,2006.0,84.99186112145432,90.51122498045534,86.90359847201475,87.8594042017085,86.12575180497242,87.08473045371593,82.36890253777099
33,BFA,Burkina Faso,2010.0,95.80288943272541,98.12685231577636,96.86165938868176,97.2349917498755,95.58197023371098,95.94052079392353,94.10144319988
34,BDI,Burundi,2000.0,78.00453514739229,64.28571428571429,83.09859154929578,80.0,78.08564231738035,79.7319932998325,73.09644670050761
35,BDI,Burundi,2005.0,93.75573937156956,85.33972607048209,90.73769263660691,89.72512293017803,95.1116402322021,95.73601268886232,92.88794413030837
36,BDI,Burundi,2010.0,99.11723891769394,94.11677976463736,97.806994621989,96.96389443155111,99.32751783643455,99.4065941063583,99.02411640777214
37,KHM,Cambodia,2000.0,38.54400639789041,39.57252833290279,46.201651639212855,44.51842760588264,37.88130450696187,39.93212262017581,31.623201639263954
38,KHM,Cambodia,2005.0,71.94597966293827,62.65978623130244,75.39662357235137,71.97049741507851,71.94337428017134,74.57109863583112,61.06677304845359
39,KHM,Cambodia,2010.0,91.2381503823315,91.27468238503737,94.53055777067465,93.73893217568575,90.96079765150796,92.39703416362876,81.198101279047
40,KHM,Cambodia,2014.0,96.23788743714651,93.69347052536081,96.0065359693017,95.57122040766251,96.32099728138684,96.88003739275237,90.7284179720759
41,CMR,Cameroon,2000.0,75.25218729385301,84.02692921297127,83.13686152681267,83.54756795910654,82.64267032564211,84.10139224963072,75.43529034766821
42,CMR,Cameroon,2004.0,79.49834435720071,82.31536591123914,77.7959537339005,79.71716485476745,79.43567957451248,79.84086989583787,76.84723849598343
43,CMR,Cameroon,2006.0,81.93964425085446,0.0,0.0,0.0,0.0,0.0,0.0
44,CMR,Cameroon,2011.0,83.60067244641944,85.97292140183826,82.4764213639195,83.89376502990135,83.53348818580038,84.5829534541343,77.07230875347966
45,CAF,Central African Republic,2000.0,61.98242355543664,72.91808686550405,74.60540752094832,73.76189823262253,63.14482924220769,64.69918110234939,56.97499574759735
46,CAF,Central African Republic,2006.0,69.32803756671187,77.4796788262043,77.38596695013806,77.42731653848979,68.4113628702813,69.89620050210688,60.31289062035219
47,CAF,Central African Republic,2010.0,68.24995089609955,67.41837460968694,59.91616896464483,62.017534164252496,68.3956085831254,69.1453584794266,64.47405227786447
48,TCD,Chad,2000.0,41.593929582621314,28.826649052404647,61.948063838877864,45.12557396724633,40.080421100178945,39.61960945715858,44.76140561687258
49,TCD,Chad,2004.0,44.79896127791625,45.41071578119474,49.83622042875149,47.804770335717,43.98548232661621,44.310243015071045,42.08799684307215
50,TCD,Chad,2010.0,53.181702386000296,52.89134914909012,51.25839493136453,51.61127187889527,52.31862120854572,52.41072847872794,51.84725281647029
51,COL,Colombia,2000.0,90.52578205085638,86.27787041318336,92.47608700078348,89.85717315780363,90.71055855596836,91.7507099431837,84.30783544397565
52,COL,Colombia,2005.0,93.5231042722049,94.3846814383775,92.43111372453475,93.35116325198256,93.57449968315605,93.85090183306606,91.97808171061433
53,COL,Colombia,2010.0,96.65332923770144,96.30803822074743,96.35603956817599,96.33331204034037,96.7548020013674,96.87770351484238,95.98370831883909
54,COM,Comoros,2000.0,74.33180885525134,84.67670351802553,74.82450139989703,77.76687073143589,81.06957523284707,82.86733587499724,73.77500076886298
55,COM,Comoros,2012.0,91.96797260649294,92.47175438129793,89.46202465670855,90.45170143022422,92.18248728237405,92.72236846478667,89.92097967301011
56,COG,Congo,2005.0,86.78030568750583,91.05970153567662,87.12880144256391,88.70943244051473,86.34585179041765,86.63829414894852,84.97912515038284
57,COG,Congo,2011.0,92.20060812026438,91.85328843619499,90.95298312302306,91.37292562322612,92.38115934581194,93.1038935923529,88.79724474732912
58,COD,Democratic Republic of the Congo,2001.0,68.24961566228384,80.49396175605933,79.3467213113426,79.76113792085214,70.11930374305011,70.07180716845195,70.33506125302222
59,COD,Democratic Republic of the Congo,2007.0,85.21050995591985,84.35641813261122,83.94980927347696,84.07501397814715,85.41139618770785,85.62622664001998,84.40002226010355
60,COD,Democratic Republic of the Congo,2010.0,87.25594813240744,67.57798546047925,80.77584687755042,77.62303679293416,86.83935805966529,87.21602823216345,85.26646239906684
61,COD,Democratic Republic of the Congo,2013.0,88.68790293338871,89.09588794417922,90.87242915462157,90.25030648442971,88.39545777639722,88.75867787234421,86.89105155159478
62,CRI,Costa Rica,2011.0,98.05146260349359,92.27301232332981,96.8260753205535,94.92201077247753,98.61293824737845,98.65793137878974,98.32514688977342
63,CIV,Côte d'Ivoire,2000.0,87.58680426076992,0.0,0.0,0.0,0.0,0.0,0.0
64,CIV,Côte d'Ivoire,2006.0,84.78561324922256,87.82316183825772,86.74235053633235,87.28553479031775,84.09949053289347,84.94368770638083,79.8682144905981
65,CIV,Côte d'Ivoire,2011.0,91.00487552630662,90.92751283687963,93.21100449872205,92.15543430268221,90.76545586783044,90.6649303948189,91.33638698081509
66,CUB,Cuba,2014.0,98.45616824875951,100.0,99.56963247185271,99.73131970697881,98.24570378125782,98.1109864327927,99.21421137224547
67,DJI,Djibouti,2006.0,92.33232771094144,100.0,95.70130930648118,96.28672843264452,92.59709537183302,93.54301251823951,88.56581371171647
68,DOM,Dominican Republic,2000.0,97.80525324001637,94.80271295297185,100.0,97.34518320721608,98.560213424542,98.76157512457392,95.94315386852301
69,DOM,Dominican Republic,2002.0,98.05996912340783,98.25231101788322,97.72352428623088,97.96075069303694,98.0894888189864,98.30608820227023,95.45051215007281
70,DOM,Dominican Republic,2007.0,98.96132596724037,99.0190251404823,98.91076293453517,98.96377687923321,98.96057985699088,98.87254627996546,99.80321958774525
71,DOM,Dominican Republic,2013.0,99.53089540753133,99.4068876740782,99.46832363768893,99.44057306738634,99.55783101556965,99.5454613731586,99.66182247820198
72,EGY,Egypt,2000.0,59.18667759069605,57.438635737832286,59.75160219668479,59.193174535593876,59.18590657241292,60.73447198921544,48.28320988508984
73,EGY,Egypt,2003.0,73.66672949489697,59.93916442111309,73.77169244547662,70.42252525498665,74.05245093477535,74.90683441261177,67.09147155999418
74,EGY,Egypt,2005.0,73.42747521736584,76.89613064259777,73.86352767761221,74.59842696500803,73.28222509892586,74.57480392060386,61.439462055023164
75,EGY,Egypt,2008.0,77.71359514477403,75.33509822815144,78.10058564023544,77.46900656417348,77.74301360331233,78.4448317856701,71.28882500790374
76,EGY,Egypt,2014.0,91.29188251751842,90.0217313910598,95.11574519184671,93.77958804033945,91.05550987075146,91.75797284779937,84.56329451377474
77,ETH,Ethiopia,2000.0,25.559161588553494,28.174272293901264,25.315212860914805,26.3210646916255,25.44188233630277,26.447697016489947,21.17029766403424
78,ETH,Ethiopia,2005.0,28.099029766316285,21.920852310878104,29.929724207238635,27.537623736996093,28.199554489371742,29.33487058207391,23.53805029900756
79,ETH,Ethiopia,2011.0,33.895217465576906,31.70039838268043,37.53294803029908,35.61054605240182,33.649777949923084,34.82756130692367,28.1601611840332
80,GAB,Gabon,2000.0,93.56402795728249,95.34336488077639,94.42493795249136,94.94043421042316,93.07214064172466,93.57830901321917,90.11905283122303
81,GAB,Gabon,2012.0,94.1730925894032,94.86824597353431,93.52255101165673,94.18886291713102,94.16922342175556,94.5676293194446,92.24947570202589
82,GMB,Gambia,2000.0,90.73409111491158,100.0,100.0,100.0,93.32801524535626,92.33342482093133,100.0
83,GMB,Gambia,2005.0,97.75624488757107,95.63637654468639,97.01624726088431,96.51860632187345,98.02626049675818,97.99540523012843,98.18071384497455
84,GMB,Gambia,2013.0,84.65936309672063,85.21490167566772,80.04171314813452,81.67013420303351,85.14087663026064,85.37362801991483,84.06312377907295
85,GEO,Georgia,2005.0,96.34711172765294,95.82395896798371,95.09916706617858,95.24751180237439,96.50538027380713,96.73400722429818,94.40057205397972
86,GHA,Ghana,2003.0,91.95800084832918,93.47059331613451,92.58999398055205,92.8655013671233,91.8370211552856,92.13470547488083,90.80524907649455
87,GHA,Ghana,2006.0,92.14708995690913,88.41828748262301,98.0315550753209,93.61074215884074,92.46483204149885,93.04767514611406,90.28493996520038
88,GHA,Ghana,2008.0,88.75895525724209,92.14554886165907,87.95206374071445,89.312700925851,88.69252455486826,89.40775508512266,85.63883676463516
89,GHA,Ghana,2011.0,96.35947012164972,100.0,96.05252318765312,97.12689966824507,95.97454172799861,96.78862946505193,93.77289750170063
90,GHA,Ghana,2014.0,96.86653052710783,98.13880933567712,96.21649878301073,97.02666192417016,96.84991716074036,97.17534981893769,95.66858506268059
91,GIN,Guinea,2005.0,82.07429656338546,85.2533743431245,88.59977940834163,86.92209877478324,80.91389775812407,81.98641634682645,77.26822504302218
92,GIN,Guinea,2012.0,85.31298728444499,84.29244393298616,88.58795642737114,86.62569963208267,84.97233872005808,86.04410320091061,80.53074208022971
93,GNB,Guinea-Bissau,2000.0,62.04707218315287,75.62891691174946,74.8202932921176,75.18591996868483,69.38872199641253,70.21566706849922,65.30228846477516
94,GNB,Guinea-Bissau,2006.0,77.91245829817798,72.47023799412995,82.34090233069043,78.51988199079297,78.68778878134006,79.01409153035742,76.74472768131359
95,GUY,Guyana,2000.0,80.86602626807296,0.0,0.0,0.0,0.0,0.0,0.0
96,GUY,Guyana,2006.0,81.39925913485683,79.33986741762693,76.98121122031185,78.04643345160058,82.18712384183466,82.82298740995166,77.79937586335672
97,GUY,Guyana,2009.0,90.57310494328574,92.09994187571839,88.29185633756978,89.79585857410423,90.82162487292874,91.70809334625501,86.4310781019244
98,HTI,Haiti,2000.0,78.03859039392992,85.79500277968796,78.86766561878413,81.45807960341324,77.3771996060353,78.40099838530564,73.69309944807134
99,HTI,Haiti,2005.0,84.16947340660363,84.62818028714854,83.9669462611056,84.22122051205989,84.16049183415652,85.52786561761079,78.63423355066315
100,HTI,Haiti,2012.0,89.92413467970339,90.76765585573897,86.22003397226874,88.05120701610797,90.25679668418826,91.80753107677727,83.83740363577753
101,HND,Honduras,2005.0,91.79383789104489,92.33526503744213,90.319477809104,91.22604988085887,91.94761837160112,92.45183474115105,88.78312961324922
102,HND,Honduras,2011.0,96.58629662880517,95.88767654489808,96.09822395272228,95.9961459715478,96.76785643176471,97.10999950236344,94.40489195075644
103,IND,India,2005.0,74.49812842136282,74.0290523615883,78.284440240113,76.90526394231381,73.90397913158716,75.18112269413729,51.17445751415845
104,IDN,Indonesia,2002.0,91.15890806151906,84.78557409075307,88.30015937109884,87.26934635840689,91.62571380305134,92.48356574917385,87.44815265808576
105,IDN,Indonesia,2007.0,93.7403326524718,90.68199550861831,92.01769798272844,91.61649300897514,93.96152127046426,94.88762932772565,89.29956383942279
106,IDN,Indonesia,2012.0,96.0940347550028,96.01722505910861,93.28555444677237,94.11104134684199,96.3080971533456,96.54474427323339,95.20052138706153
107,IRQ,Iraq,2000.0,75.86732289009723,74.8566912213096,74.89679751869195,74.88527552839747,76.43944678751214,77.74421597998469,70.82248965572757
108,IRQ,Iraq,2006.0,83.78418970874652,88.87330146250217,86.15135379876492,87.34199443726362,83.33615439469781,83.7553986260127,81.44619957218255
109,IRQ,Iraq,2011.0,77.72074545377826,77.28132849862479,76.28053786016092,76.52977127068226,74.44961934829225,75.2887278089027,71.22624157534393
110,JAM,Jamaica,2005.0,90.53272468644867,91.03701301700656,75.77499651041937,84.07113454854499,91.85236309499044,92.39093181712683,89.74970625942119
111,JAM,Jamaica,2011.0,97.68302457836737,100.0,93.83213676218254,96.30539592185052,97.95523572464474,98.66182813730852,95.17146291140935
112,JOR,Jordan,2002.0,98.76591633739305,98.76571037822133,97.1442881367793,97.55731090671198,98.83768096976004,98.99141099138126,98.01269797690662
113,JOR,Jordan,2007.0,99.08373007445687,100.0,98.37978711406907,98.79171771158155,99.09903071083049,99.30168029883313,98.28158730978164
114,JOR,Jordan,2012.0,99.18851434323102,100.0,96.55823719794901,97.61180221955225,99.28165590891372,99.62124832492104,97.93791507901905
115,KAZ,Kazakhstan,2006.0,99.86043768851741,100.0,100.0,100.0,99.85144211548021,99.8272769780011,100.0
116,KAZ,Kazakhstan,2010.0,99.1648143020805,100.0,100.0,100.0,99.29466401187483,99.38656906632099,98.91533847205604
117,KEN,Kenya,2000.0,75.96210444925492,71.63592686690505,74.79615275155422,72.04813612556048,78.593184574964,79.80059773937357,69.87497145255045
118,KEN,Kenya,2003.0,86.66187904505925,80.93193987437465,85.12805349006392,83.78930164164883,87.26635287387057,88.6262686322738,78.87277811623474
119,KEN,Kenya,2008.0,91.48577812277018,88.87776465476976,91.72051436890445,90.5191305744255,91.65738094958795,92.71407202433599,84.72031653197205
120,KEN,Kenya,2014.0,95.2839100627359,93.99642746210381,95.61280082916636,95.01229352052638,95.32831884931954,95.55906735450812,93.8711575897073
121,KGZ,Kyrgyzstan,2012.0,97.3226362421761,100.0,98.93339586606385,99.04570870392241,97.1760503283237,97.88198634616523,92.24858869912084
122,KGZ,Kyrgyzstan,2014.0,98.35618703450962,90.70622719525184,98.72357852906424,97.54754521679044,98.4290361649913,98.56879426162205,97.47934176344391
123,LAO,Lao People's Democratic Republic,2000.0,26.499291288240972,25.032773097972594,23.293051019675076,23.85241184491248,27.81823285506703,29.64691302897069,19.453439602595214
124,LAO,Lao People's Democratic Republic,2006.0,35.11552275337729,34.77339335469414,34.66297152830387,34.70307565030241,35.20532115851134,37.18763653028926,22.81086867285346
125,LAO,Lao People's Democratic Republic,2011.0,54.21247635069837,49.60559542229508,49.62759355637669,49.61980120914195,55.17352355424803,56.92749896234574,43.756707173639704
126,LSO,Lesotho,2000.0,84.72385428907168,83.87096774193549,89.1891891891892,87.28323699421965,84.47488584474885,86.04206500956023,78.35820895522389
127,LSO,Lesotho,2004.0,89.55747646583899,92.83835239877305,92.22319106244026,92.43152472443121,88.81903429852291,89.7639908764534,84.75246036239508
128,LSO,Lesotho,2009.0,91.567684125272,87.64294523915204,93.90665366373956,91.3180135040585,91.63631907182082,92.50014125237843,85.48004133098588
129,LBR,Liberia,2007.0,79.91992004758156,81.48597562104246,73.27034490249665,76.57592330726509,80.63716033529684,80.66624475881768,80.51147950066975
130,LBR,Liberia,2013.0,95.93365517560889,98.1476109507947,96.252283706822,97.11075748345296,95.60840807790778,95.7662604473614,94.88547574429099
131,MKD,The former Yugoslav Republic of Macedonia,2005.0,98.05743970007208,98.1162872757493,96.41852302532877,97.32119502608613,98.20348817872868,98.38752365651001,96.43563256336142
132,MKD,The former Yugoslav Republic of Macedonia,2011.0,98.55857437305706,89.57438714579344,100.0,98.31951695295868,98.57144538164333,98.75853371477274,96.62271046735125
133,MDG,Madagascar,2000.0,71.19481485814728,75.2923161616444,74.88312293701578,75.0175245861749,76.07466765115637,76.9322321587033,72.6091465108623
134,MDG,Madagascar,2003.0,78.68751550959402,73.77330011956191,75.66691867185848,74.83415635751015,79.65656609732433,81.60966953410387,71.6141244107158
135,MDG,Madagascar,2008.0,84.79116294632192,82.5001911358792,82.4925265970528,82.49602680442922,85.46222785621349,85.6947592389107,84.51698322278264
136,MWI,Malawi,2000.0,90.90479025204661,92.82827301355825,93.6633454231334,93.37193090171209,90.29611691453117,90.97197619745072,86.77753382871354
137,MWI,Malawi,2004.0,91.96279338114533,97.45797176942853,92.64587734999421,94.16554419846541,91.46584546884942,91.40015625949022,91.85810939484664
138,MWI,Malawi,2006.0,91.88357612527844,0.0,0.0,0.0,0.0,0.0,0.0
139,MWI,Malawi,2010.0,94.79927579851683,95.78027811840454,95.9722120287103,95.9015146173332,94.57753989761046,94.54857993466341,94.7347448936428
140,MWI,Malawi,2013.0,96.05077441317134,97.10891393304625,96.43224037326658,96.66514070650638,95.90293440019852,96.23456275627233,94.11098782355683
141,MDV,Maldives,2009.0,99.62717875822214,100.0,100.0,100.0,99.61273358090206,99.59131627556471,99.76778858989263
142,MLI,Mali,2001.0,55.99686810890283,59.14031654123332,58.972302075855886,59.041230637692735,55.26324756046635,56.040828428341385,52.378096998867626
143,MLI,Mali,2006.0,72.17996571208374,70.0972449630545,73.68182706967451,71.9818972084846,72.22865738772603,72.30720235150112,71.87594309011828
144,MLI,Mali,2012.0,74.94715562244404,82.3150704089743,73.82829145655857,77.46137025047574,74.42306201832133,74.74232750271658,72.80577896794026
145,MRT,Mauritania,2007.0,75.44772870841993,73.67709970277427,80.24636187931935,77.25954907399809,75.26951069817915,76.64925591490986,70.6706741215106
146,MRT,Mauritania,2011.0,84.20060884312258,78.71005363373767,78.46059114328939,78.54325426367502,83.79569819462837,85.13948544075511,79.93310546124364
147,MDA,Republic of Moldova,2005.0,98.60647232499387,100.0,98.69109942138988,99.04303652996677,98.53164101988445,98.4300081069389,100.0
148,MDA,Republic of Moldova,2012.0,98.76351798691543,0.0,100.0,100.0,98.52537250335796,99.32441092185334,93.43237956349087
149,MNG,Mongolia,2000.0,96.69966996699671,100.0,94.35483870967742,95.42483660130719,96.90949227373068,96.87756778964666,97.1830985915493
150,MNG,Mongolia,2005.0,98.85092025993629,92.73165277745152,97.18253297173926,96.27146786400486,99.10708811956769,99.4019511469102,97.2135653453963
151,MNG,Mongolia,2010.0,99.03473412967885,100.0,100.0,100.0,99.02327489986561,99.49752012377789,97.3078041402013
152,MNE,Montenegro,2005.0,97.36336963664294,100.0,100.0,100.0,97.2414665814686,97.50283198936647,95.5535287542932
153,MNE,Montenegro,2013.0,91.73165697884474,76.98162782197545,84.05787391546794,82.64179484711455,92.26051300925057,91.559876199841,97.27642200944636
154,MAR,Morocco,2003.0,67.79307698357509,62.87019306344563,66.21095745966379,65.23367943216746,68.03414179686943,68.60278439175507,65.72355419717023
155,MOZ,Mozambique,2003.0,85.16787117301051,89.68186947675831,88.06667694063756,88.79721042290075,84.17367389036882,84.40478854229568,83.02530415314754
156,MOZ,Mozambique,2008.0,88.99806478742046,91.8150963694818,91.76677444018316,91.78696298138146,88.27381015103427,89.31092396767578,83.26365453476733
157,MOZ,Mozambique,2011.0,90.44589203453168,90.9733989564365,93.2687317782419,92.21835588899013,89.99797469765156,91.0139252112537,85.82794087310343
158,NAM,Namibia,2000.0,89.97235846201187,93.50477404242163,89.22864844734647,90.7850749906534,89.81673018221932,92.11102817207345,81.38759797982246
159,NAM,Namibia,2006.0,93.90698464864565,94.8092127767703,94.7066200880966,94.74538838238267,93.7441675989028,94.81604455454902,88.79771021183338
160,NAM,Namibia,2013.0,96.57955560275441,96.68430831077195,94.70304805632486,95.42707273884659,96.78484734107015,96.91744412273933,96.19567975171447
161,NPL,Nepal,2001.0,27.8165166239332,40.227895208215685,31.68826520454865,34.85827770135664,26.243143119580292,28.02553733737773,12.755900730009786
162,NPL,Nepal,2006.0,45.31016533953142,53.03836013214423,51.40772032440052,52.004017393615406,43.62963702516312,45.21404718862901,26.685030367175017
163,NPL,Nepal,2011.0,61.00547396508495,67.6308823157352,67.58894646200065,67.60227232074496,59.483617833161404,61.428577352768386,35.792500360971104
164,NPL,Nepal,2014.0,68.3259053831899,60.246165148963236,67.96342547818564,65.59062333090253,68.88687980577843,70.28149350978204,50.400311929167465
165,NIC,Nicaragua,2001.0,85.64205572866827,87.02437716503482,83.791909431882,85.35215337207255,85.75110201362618,86.82939587659213,78.34960398603525
166,NER,Niger,2000.0,40.868575485562566,27.049681314259626,31.880654313188927,29.96715734826598,42.47491251542402,43.14410712811016,39.850716049442724
167,NER,Niger,2006.0,46.999695507910424,48.16333681375562,43.409677578843784,45.64882745072777,47.30547780466247,47.51935089515899,46.35525933785014
168,NER,Niger,2012.0,85.13358904218912,83.91399096515748,85.99628637297118,85.12647331677688,85.1348649058702,85.13030912567915,85.15762884177084
169,NGA,Nigeria,2003.0,58.321796659933426,45.05241311524565,48.36182575834581,47.09737401768631,60.899931558905394,61.991621338522066,55.74768257457951
170,NGA,Nigeria,2007.0,61.41135938924263,48.00083916489843,49.89259785932466,49.28626135248803,66.84354389361965,67.87511357994862,61.634415745093584
171,NGA,Nigeria,2008.0,57.41886351201517,39.64495993729747,47.13499400333699,44.18235776699405,59.683807055605655,60.84687418456498,54.576847546736026
172,NGA,Nigeria,2011.0,66.2451595225472,42.62682033837974,53.04386678076918,49.44831051013012,68.33071638044866,69.23284869633547,64.46820176234152
173,NGA,Nigeria,2013.0,61.30804457976352,42.906182256902206,53.160123270060545,49.276708799849004,63.37075775852406,63.95418791375356,60.75615553947499
174,PAK,Pakistan,2006.0,62.83412921605031,56.80222553162878,62.89538964268466,61.026998981895765,63.02210417429013,65.40825784001306,48.96265435633126
175,PAK,Pakistan,2012.0,76.29863426502078,68.50013592399215,83.38851989652728,79.87128184467254,75.97735429418984,77.17900076393035,67.41268378033612
176,PSE,State of Palestine,2014.0,99.39834623049396,99.60277532016212,99.23030327368626,99.51386310544879,99.25612386949503,99.29474098939592,98.27128563083033
177,PAN,Panama,2013.0,93.36949840069967,90.26617702655409,91.48426979966737,90.92588391860785,93.89146358987901,93.6153619603141,95.47100225898404
178,PER,Peru,2000.0,85.8677686149952,80.19136304298736,85.07837968834475,83.0552242860137,86.37240725920982,87.19111230370487,82.82625747381859
179,PER,Peru,2004.0,92.82129190355124,91.10608249575151,92.50496691711129,91.90315303834305,92.98888971093963,93.26610529368752,91.80812217979505
180,PER,Peru,2009.0,94.35335053420572,88.9943337322435,94.86940487932368,92.3027961446931,94.73511651082265,94.95959128926467,93.87123645974886
181,PER,Peru,2010.0,94.32607404765842,94.07644833185707,92.74501334682344,93.28097440666625,94.51959350314264,94.74944760765763,93.5765131792819
182,PER,Peru,2011.0,95.27950346604123,92.51320689178506,95.84922812713836,94.42819721720394,95.42155545420187,95.55085193101544,94.90042630549121
183,PER,Peru,2012.0,95.87091221209856,94.76232579754569,94.85898281270084,94.81438067071035,96.05502621860063,96.33080814006445,94.86334800646699
184,PHL,Philippines,2003.0,86.7762316993549,82.98815806350392,90.53797115405656,88.54618349432398,86.59772204236894,88.14480019706463,80.19063393604289
185,PHL,Philippines,2008.0,90.81209877205208,87.77760133441916,91.5980976641683,90.50292524347186,90.85129748127557,91.79829369022522,86.72158571319979
186,PHL,Philippines,2013.0,95.25074329403023,95.28636751481005,96.06432565688515,95.78543121406501,95.17341493877458,95.56063986269707,93.55171745663243
187,RWA,Rwanda,2000.0,93.042005434612,85.97854400895298,94.69959209852573,92.92419631536889,93.05102812179676,93.65551277363797,91.11285357350047
188,RWA,Rwanda,2005.0,94.79787451237918,89.43496775799072,95.5561362943677,94.12933141905432,94.82973897835551,95.2661704473582,93.2552950799964
189,RWA,Rwanda,2008.0,96.18266190869451,92.5561536685246,94.35486079251244,93.97985118957176,96.27962447701182,96.21949680898591,96.51693842497878
190,RWA,Rwanda,2010.0,98.00364131451961,95.2991230450386,97.27196447080438,96.91948172338013,98.0812020388822,98.39049748640103,96.67548081433338
191,LCA,Saint Lucia,2012.0,96.89387885474274,0.0,100.0,96.56977263372598,96.94099551966893,99.4234052794249,81.05596401613707
192,STP,Sao Tome and Principe,2000.0,90.58737558316992,100.0,76.31444483218779,80.8752397286655,94.76620100360688,96.31384228401045,83.8225502499227
193,STP,Sao Tome and Principe,2008.0,97.74384749728571,100.0,97.87466276123966,98.92285951975387,97.55360482134407,98.35773053300679,94.61939819149954
194,SEN,Senegal,2000.0,81.53016284225089,75.49495708840946,82.63070515849247,79.55911544395904,82.98707551947935,84.29858216394315,77.16863025009596
195,SEN,Senegal,2005.0,86.80346830482364,83.42382600466452,86.13758663811683,85.0328477799835,87.13366838303934,87.58426906213411,85.09379861328061
196,SEN,Senegal,2010.0,92.64000133080637,90.9980060401947,92.02070784871846,91.62279869436702,92.81091726542736,93.1342585665989,91.25352851640727
197,SEN,Senegal,2012.0,94.22079546372555,95.9472939799535,95.2002947380919,95.46433154519806,94.03522949325611,94.50292986237633,91.93097509544369
198,SEN,Senegal,2014.0,96.09536056218153,96.59036960657072,95.84475538908146,96.11054111266346,96.09292715725736,96.33964045830211,95.05138299188835
199,SRB,Serbia,2005.0,98.15273273982801,91.50022534677127,99.39367044445737,97.57430034258971,98.21196672134218,98.3179129589407,97.16812680334685
200,SRB,Serbia,2010.0,99.00017995325364,92.98695291245605,89.17050599321709,90.67419160211885,99.46105509699359,99.39167664786201,100.0
201,SRB,Serbia,2014.0,98.33931975901051,90.38246024534487,100.0,98.06739438873326,98.35113826418866,98.12612234181711,99.8399330535477
202,SLE,Sierra Leone,2000.0,67.94550907833585,56.04611820512858,81.98065146744494,73.50341863530309,71.61920481650228,74.00978467597056,61.09418993701888
203,SLE,Sierra Leone,2005.0,81.13501445696261,83.80857354251951,84.46485079876557,84.20034015183626,81.40523664555566,81.22458048729136,82.20999940471827
204,SLE,Sierra Leone,2008.0,87.07635836326486,89.64515431142497,83.5680608512904,86.25700560687312,87.22905595573165,87.6161185178624,85.47466382051722
205,SLE,Sierra Leone,2010.0,93.00287103218692,97.35363053690499,88.8385856652858,91.22835404505113,93.15936448483049,93.45596334122952,91.68283078618482
206,SLE,Sierra Leone,2013.0,97.35980887202817,97.81349347263996,99.48141676895257,98.83978982471181,96.98861258765318,97.32030243700999,95.51906432701794
207,SOM,Somalia,2006.0,26.137592009983297,29.68382335645739,23.537152844857427,25.436577549084703,26.257526283936212,27.547605717179515,20.282295955139627
208,SSD,South Sudan,2010.0,40.43099852547294,43.67343098256748,46.786155304725646,45.676691888310444,40.52441275599657,42.08913228211148,32.83045342846161
209,SDN,Sudan,2010.0,74.26377127051484,71.33840865990926,75.6052012718449,74.33090867987026,74.28801459623975,75.40506379215036,69.77059747404351
210,SUR,Suriname,2000.0,91.63873435672504,91.63873435672504,0.0,91.63873435672504,0.0,0.0,0.0
211,SUR,Suriname,2006.0,89.92685335682457,85.8939495579813,94.05824169043127,89.93428334298353,89.92557092764433,90.70434695967748,86.19679076664572
212,SUR,Suriname,2010.0,90.87009753168263,89.67658717636637,95.75839846716535,93.17372795936929,90.46082013933814,90.49474072933819,90.30418300753672
213,SWZ,Swaziland,2000.0,86.66453096669365,87.90587608445023,79.18168614418619,83.20643353610366,87.34776918366587,88.0115048802573,84.05917267450174
214,SWZ,Swaziland,2006.0,97.1299814336099,97.59992809828513,98.44356104213034,98.07791022437313,96.8226676965648,96.74202098345316,97.34256652503447
215,SWZ,Swaziland,2010.0,96.78262592835985,100.0,98.33086933683785,98.40937525514114,96.3838404085041,96.19635915837856,97.31061843568301
216,SYR,Syrian Arab Republic,2006.0,83.98493049468215,89.3508101361272,87.59753833152982,88.13771362233805,83.5482683669327,84.26255392918941,80.3223703562521
217,TJK,Tajikistan,2000.0,71.58403869407496,87.5,81.25,81.94444444444444,70.58823529411765,71.66921898928025,63.1578947368421
218,TJK,Tajikistan,2005.0,77.1184793825711,83.02370651127447,81.57826757165788,81.80745771791804,76.7403773323804,78.05929630061999,66.45255905970744
219,TJK,Tajikistan,2012.0,80.4203832367661,81.84546130748792,85.56001522383775,85.43902836565896,79.91754036660053,81.38965330634504,63.224424697538886
220,TZA,United Republic of Tanzania,2004.0,77.26900607936857,76.01815785600688,75.16081740793729,75.49138000497074,77.61968300190657,77.66740833138844,77.36399242467968
221,TZA,United Republic of Tanzania,2010.0,86.08530833827187,87.06761590810854,90.30992895097782,88.90466277023131,85.61504445523109,85.80951075738504,84.72246298369647
222,THA,Thailand,2005.0,97.7935700928386,95.16731705835878,99.06277015251425,97.62902522559938,97.81248486468102,97.94470071610513,96.9081062588844
223,TLS,Timor-Leste,2009.0,84.25431842335944,83.97555263119169,82.06587353161643,82.49056406958691,84.38684902036424,86.32277761227932,78.85797582821515
224,TGO,Togo,2000.0,72.89816375243117,0.0,0.0,0.0,0.0,0.0,0.0
225,TGO,Togo,2006.0,84.13550102523084,84.82444637866952,85.22383485905436,85.11204882139167,88.09593695289286,88.51684455335207,86.09157399741089
226,TGO,Togo,2010.0,71.5535732677201,79.94637557928318,62.216114241311836,65.49851246754498,68.28211046023162,69.29641968274693,64.7523362232127
227,TGO,Togo,2013.0,72.05182610754915,57.88487494813772,72.01581420842736,67.00162124388721,72.68717079639406,74.1102269692559,66.22317000912705
228,TTO,Trinidad and Tobago,2000.0,92.37668161434978,90.0,82.35294117647058,85.18518518518519,94.56521739130434,94.87179487179486,92.85714285714286
229,TTO,Trinidad and Tobago,2006.0,95.66439185172683,95.15655103100144,97.27191993650864,96.49850576490435,95.53829857396978,95.59029505224545,95.29390664211265
230,TUN,Tunisia,2011.0,98.0631378668252,100.0,82.79383583563468,88.16032935712899,98.15936882637021,98.10514912866026,98.33737694313952
231,TUR,Turkey,2003.0,79.75082782771736,87.06661721099735,85.78680851377214,86.12209380882729,78.92774082498896,79.78574074636116,70.84116417260068
232,UGA,Uganda,2000.0,92.31351142082971,96.6247835784012,94.36184100426796,95.1689469250531,91.69486061093095,92.81666070627098,85.44579684022399
233,UGA,Uganda,2006.0,93.46383373456433,96.40432467357232,93.6462421458063,94.53483423789413,93.24288470302704,93.6278968960703,91.4905908486185
234,UGA,Uganda,2011.0,94.61341403990275,92.1918738675297,94.5982566601695,93.72895300504811,94.7758573492012,95.62007810503515,90.74687635858426
235,UKR,Ukraine,2005.0,98.84542289264839,88.12949450435545,98.48128050137474,96.91526174621097,99.0693198918584,99.05467936916463,99.26058203591056
236,UKR,Ukraine,2007.0,98.98795325976661,100.0,95.36558791019272,96.51945216104959,99.20677014032773,99.14051605824238,100.0
237,UKR,Ukraine,2012.0,98.64637741803814,95.29578963924375,98.62278269027023,97.8346788414132,98.70274337814942,98.86179650452598,97.19936180956525
238,URY,Uruguay,2012.0,97.20346099577615,81.12921052133049,98.88256899950308,97.1958324317483,97.20690964575033,97.15144491612958,97.58977406239336
239,UZB,Uzbekistan,2000.0,96.50145772594753,100.0,94.54545454545455,94.91525423728814,96.65071770334929,96.9439728353141,92.10526315789474
240,UZB,Uzbekistan,2006.0,99.01337718945183,100.0,99.41194336047106,99.45390435829374,98.98797752830772,99.1016734463778,97.21615057421008
241,VUT,Vanuatu,2006.0,84.30002751585312,76.46221705796393,88.68672104765774,84.74486467011442,84.24175018221784,85.63594174451623,75.81770025344034
242,VEN,Venezuela (Bolivarian Republic of),2000.0,94.14016773303828,95.00160861045305,87.74341858049115,90.8676603887602,94.64599765183883,93.91290862162552,100.0
243,VNM,Viet Nam,2000.0,68.33909225287145,36.27684556807359,64.35594408484751,58.724093127463576,69.28393092945994,68.87057412003958,71.7413921724964
244,VNM,Viet Nam,2002.0,87.89115662128701,57.49557064159747,83.32654328581425,79.44022990437522,88.6487385622144,89.63704714341911,78.67767032374752
245,VNM,Viet Nam,2006.0,90.77291271209799,78.88433154637305,84.64755229778861,83.2341280089566,91.5876290892405,91.76086702553687,90.25407721757418
246,VNM,Viet Nam,2010.0,93.73219422484556,0.0,54.51835633309151,54.51835633309151,92.2784658949854,92.09986845891895,93.38432624161763
247,VNM,Viet Nam,2013.0,95.79587529554034,92.64291809533547,89.89259299623622,90.68509541166608,96.26847964541663,96.36450029401078,95.35733126873531
248,YEM,Yemen,2006.0,47.01540292651947,0.0,0.0,0.0,0.0,0.0,0.0
249,YEM,Yemen,2013.0,59.44619115664711,62.57786787500794,65.424824149385,64.59809776677223,58.68629061406187,60.77555033702725,48.689871968148005
250,ZMB,Zambia,2001.0,92.09430703291036,93.55301187913085,91.54513896968352,92.3298068608748,92.03411749962551,92.77700651789146,88.11293536778821
251,ZMB,Zambia,2007.0,92.75272123202149,94.04501594920467,94.41769302254545,94.26866876515845,92.4635979089193,93.27212268097801,88.34198088345543
252,ZMB,Zambia,2013.0,95.43586043478709,96.83818373901453,94.71258099630533,95.56138048326808,95.40703552784791,95.86782817784561,93.35673980615188
253,ZWE,Zimbabwe,2005.0,93.52705674562635,90.79425649935133,93.60976517628282,92.62121212842409,93.73990360247043,94.23476939004152,89.80700603678594
254,ZWE,Zimbabwe,2009.0,88.4387440467454,89.58691840754761,89.71812743631472,89.67017449959336,88.14472851728084,88.93912855441572,81.5159614019934
255,ZWE,Zimbabwe,2010.0,87.22164796543238,82.24023532439928,85.095599456728,84.03090055570625,87.91419914463894,88.16213579919527,86.17594636723622
256,ZWE,Zimbabwe,2014.0,93.684246620727,93.42922988241043,93.12979813096295,93.24756141239705,93.78090084697332,93.84390475300721,93.40495551510551
257,,,,,,,,,,
258,Definition:,"Percentage of women aged 15–49 years attended at least once during pregnancy by skilled health personnel (doctor, nurse or midwife).",,,,,,,,
259,,"The indicator refers to women who had a live birth in a recent time period, generally two years for MICS and five years for DHS.",,,,,,,,
260,,,,,,,,,,
261,Note:,"Database include reanalyzed data from DHS and MICS, using a reference period of two years before the survey.",,,,,,,,
262,,Includes surveys which microdata were available as of April 2016. ,,,,,,,,
263,,,,,,,,,,
264,Source:,"UNICEF global databases 2016 based on DHS, MICS .",,,,,,,,
265,,,,,,,,,,
266,Contact us:,data@unicef.org,,,,,,,,
